,age,sex,bmi,children,smoker,region,charges
0,33,male,30.25,0,no,southeast,5783.934905517133
1,19,female,32.49,0,yes,northwest,27294.57727603661
2,50,male,37.07,1,no,southeast,12921.214455253026
3,41,female,32.6,3,no,southwest,9550.49004822422
4,52,female,24.86,0,no,southeast,8942.529216036284
5,39,male,32.34,2,no,southeast,8919.498354324136
6,50,male,32.3,2,no,southwest,11357.807862770103
7,52,male,32.775,3,no,northwest,13305.49725408679
8,60,male,32.8,0,yes,southwest,37252.45604379543
9,20,female,31.92,0,no,northwest,3366.6167011234247
10,55,male,21.5,1,no,southwest,8629.967029506199
11,42,male,34.1,0,no,southwest,8995.004558012915
12,18,female,30.305,0,no,northeast,2723.2476568255133
13,58,female,36.48,0,no,northwest,14786.519483915028
14,43,female,32.56,3,yes,southeast,34472.42000330512
15,35,female,35.815,1,no,northwest,9009.70743712889
16,48,female,27.93,4,no,northwest,11089.775224190176
17,36,female,22.135,3,no,northeast,6011.546875610453
18,19,male,44.88,0,yes,southeast,31000.94029773971
19,23,female,23.18,2,no,northwest,2117.8567737222984
20,20,female,30.59,0,no,northeast,3339.2640202933053
21,32,female,41.1,0,no,southwest,8717.423836682541
22,43,female,34.58,1,no,northwest,10683.750326843336
23,34,male,42.13,2,no,southeast,10873.02038462559
24,30,male,38.83,1,no,southeast,8294.526197738265
25,18,female,28.215,0,no,northeast,2028.0278003675994
26,41,female,28.31,1,no,northwest,8076.877101700607
27,35,female,26.125,0,no,northeast,5763.124017946051
28,57,male,40.37,0,no,southeast,15404.82650075169
29,29,female,24.6,2,no,southwest,3323.7281639297653
30,32,male,35.2,2,no,southwest,7631.544091819556
31,37,female,34.105,1,no,northwest,8962.104846705039
32,18,male,27.36,1,yes,northeast,26180.932977192315
33,43,female,26.7,2,yes,southwest,31669.73200896709
34,56,female,41.91,0,no,southeast,15656.486935520395
35,38,male,29.26,2,no,northwest,8049.416956230889
36,29,male,32.11,2,no,northwest,6651.982582258523
37,22,female,27.1,0,no,southwest,1454.380442808526
38,52,female,24.13,1,yes,northwest,33552.074482914264
39,40,female,27.4,1,no,southwest,6683.446981143934
40,23,female,34.865,0,no,northeast,5543.125119428882
41,31,male,29.81,0,yes,southeast,29115.32116210444
42,42,female,41.325,1,no,northeast,13081.86753626158
43,24,female,29.925,0,no,northwest,3745.425058769746
44,25,female,30.3,0,no,southwest,3300.6523813257954
45,48,female,27.36,1,no,northeast,10000.175826327013
46,23,female,28.49,1,yes,southeast,27029.73162641826
47,45,male,23.56,2,no,northeast,8392.670552543848
48,20,male,35.625,3,yes,northwest,29913.067826171173
49,62,female,32.68,0,no,northwest,14564.910692802245
50,43,female,25.27,1,yes,northeast,32000.883817846705
51,23,female,28.0,0,no,southwest,2014.36424237346
52,31,female,32.775,2,no,northwest,7394.402555991386
53,41,female,21.755,1,no,northeast,6311.474779725704
54,58,female,32.395,1,no,northeast,14281.091941184182
55,48,female,36.575,0,no,northwest,12212.052107636377
56,31,female,21.755,0,no,northwest,2851.9952332620705
57,19,female,27.93,3,no,northwest,3093.82590301884
58,19,female,30.02,0,yes,northwest,26472.95380931362
59,41,male,33.55,0,no,southeast,8966.505091421357
60,40,male,29.355,1,no,northwest,8163.880202045075
61,31,female,25.8,2,no,southwest,4244.1111152726735
62,37,male,24.32,2,no,northwest,6145.563194900416
63,46,male,40.375,2,no,northwest,13831.577179560278
64,22,male,32.11,0,no,northwest,3951.0321620249433
65,51,male,32.3,1,no,northeast,12425.243243426467
66,18,female,27.28,3,yes,southeast,26200.904405667556
67,35,male,17.86,1,no,northwest,3037.136852104084
68,59,female,34.8,2,no,southwest,14534.872012842869
69,36,male,33.4,2,yes,southwest,32074.17944739671
70,37,female,25.555,1,yes,northeast,30532.045558238562
71,59,male,37.1,1,no,southwest,14861.595183505156
72,36,male,30.875,1,no,northwest,7627.067331567407
73,39,male,34.1,2,no,southeast,9504.946654499221
74,18,male,21.47,0,no,northeast,-215.63628183748915
75,52,female,33.3,2,no,southwest,12211.662598184022
76,27,female,31.255,1,no,northwest,5408.009490872049
77,18,male,39.14,0,no,northeast,5662.131595488518
78,40,male,25.08,0,no,southeast,5888.428318944265
79,29,male,37.29,2,no,southeast,7960.003419721641
80,46,female,34.6,1,yes,southwest,34641.06570929449
81,38,female,30.21,3,no,northwest,8803.777294414642
82,30,female,21.945,1,no,northeast,3508.0014781288282
83,40,male,24.97,2,no,southeast,6728.540425225456
84,50,male,25.3,0,no,southeast,8567.677635311073
85,20,female,24.42,0,yes,southeast,24455.71063608883
86,41,male,23.94,1,no,northeast,7038.295538749888
87,33,female,39.82,1,no,southeast,9405.661350240229
88,38,male,16.815,2,no,northeast,4324.758675147315
89,42,male,37.18,2,no,southeast,11311.301663459097
90,56,male,34.43,0,no,southeast,13168.331659776282
91,58,male,30.305,0,no,northeast,13147.5207722052
92,52,male,34.485,3,yes,northwest,37873.2754876797
93,20,female,21.8,0,yes,southwest,23169.131052321456
94,54,female,24.605,3,no,northwest,11109.033289156654
95,58,male,23.3,0,no,southwest,9572.19014399949
96,45,female,27.83,2,no,southeast,8982.928052432428
97,26,male,31.065,0,no,northwest,4645.8495453339565
98,63,female,21.66,0,no,northeast,11574.8727780972
99,58,female,28.215,0,no,northwest,12037.24096064964
100,37,male,22.705,3,no,northeast,6461.759118892558
101,25,female,42.13,1,no,southeast,8089.207621144094
102,52,male,41.8,2,yes,southeast,39453.13371766369
103,64,male,36.96,2,yes,southeast,40970.4328267961
104,22,female,21.28,3,no,northwest,1663.5832070334964
105,28,female,33.11,0,no,southeast,5432.254253879186
106,18,male,33.33,0,no,southeast,2899.3670125561493
107,28,male,24.3,5,no,southwest,4278.382949714993
108,45,female,25.7,3,no,southwest,8297.693910212136
109,33,male,29.4,4,no,southwest,6839.535282805558
110,18,female,39.82,0,no,southeast,5058.2076194517795
111,32,male,33.63,1,yes,northeast,31915.08813694895
112,24,male,29.83,0,yes,northeast,28127.846098701193
113,19,male,19.8,0,no,southwest,-1755.7199222529762
114,20,male,27.3,0,yes,southwest,24998.656990368603
115,40,female,29.3,4,no,southwest,8630.51897003251
116,34,female,27.72,0,no,southeast,5202.959801899939
117,42,female,37.9,0,no,southwest,10259.040660663668
118,51,female,36.385,3,no,northwest,14245.724723720516
119,54,female,27.645,1,no,northwest,11243.559546235123
120,55,male,37.715,3,no,northwest,15730.56467118625
121,52,female,23.18,0,no,northeast,9213.812112428084
122,32,female,20.52,0,no,northeast,3116.850282882713
123,28,male,37.1,1,no,southwest,6782.783519085897
124,41,female,28.05,1,no,southeast,7575.33046589528
125,43,female,29.9,1,no,southwest,8296.870163909745
126,49,female,33.345,2,no,northeast,12689.990828407506
127,64,male,23.76,0,yes,southeast,35702.86795044083
128,55,female,30.5,0,no,southwest,11185.38543378955
129,24,male,31.065,0,yes,northeast,28538.657832062687
130,20,female,33.3,0,no,southwest,2995.5414808381393
131,45,male,27.5,3,no,southwest,8896.44785357302
132,26,male,33.915,1,no,northwest,6032.227934843086
133,25,female,34.485,0,no,northwest,5522.87520983514
134,43,male,25.52,5,no,southeast,9008.367440246846
135,35,male,27.61,1,no,southeast,5865.327423544557
136,26,male,27.06,0,yes,southeast,26897.52405365841
137,57,male,23.7,0,no,southwest,9444.639747972971
138,22,female,30.4,0,no,northeast,3797.2758709297505
139,32,female,29.735,0,no,northwest,5767.077876713145
140,39,male,29.925,1,yes,northeast,32506.90073205591
141,25,female,26.79,2,no,northwest,3839.9047270094998
142,48,female,33.33,0,no,southeast,10717.571849090917
143,47,female,27.645,2,yes,northwest,33856.62505096481
144,18,female,21.66,0,yes,northeast,23846.527510695116
145,18,male,30.03,1,no,southeast,2240.0027622489306
146,61,male,36.3,1,yes,southwest,39115.65796295826
147,47,female,24.32,0,no,northeast,8289.98880380085
148,28,female,17.29,0,no,northeast,999.9922840916042
149,36,female,25.9,1,no,southwest,5142.058050138563
150,20,male,39.4,2,yes,southwest,29900.316679114454
151,44,male,34.32,1,no,southeast,10442.810518922499
152,38,female,19.95,2,no,northeast,5367.588459834187
153,19,male,34.9,0,yes,southwest,27266.12236778561
154,21,male,23.21,0,no,southeast,314.8597702028819
155,46,male,25.745,3,no,northwest,9403.389496875941
156,58,male,25.175,0,no,northeast,11441.072033626682
157,20,male,22.0,1,no,southwest,-324.951406628561
158,18,male,26.125,0,no,northeast,1332.8079439096855
159,28,female,26.51,2,no,southeast,4113.5257532647465
160,33,male,27.455,2,no,northwest,6145.965668049317
161,19,female,25.745,1,no,northwest,1490.3025189525233
162,45,male,30.36,0,yes,southeast,32946.76934629204
163,62,male,30.875,3,yes,northwest,39278.5094690064
164,25,female,20.8,1,no,southwest,578.9134372199787
165,43,male,27.8,0,yes,southwest,31158.934571534388
166,42,male,24.605,2,yes,northeast,31957.421984519395
167,24,female,27.72,0,no,southeast,2596.8915230550156
168,29,female,21.85,0,yes,northeast,26776.40442255707
169,32,male,28.12,4,yes,northwest,30982.229770570906
170,25,female,30.2,0,yes,southwest,27266.35026076137
171,41,male,32.2,2,no,southwest,8979.082303845182
172,42,male,26.315,1,no,northwest,7673.864975693454
173,33,female,26.695,0,no,northwest,5016.4558224770335
174,34,male,42.9,1,no,southwest,10275.742748333476
175,19,female,34.7,2,yes,southwest,28076.296776898766
176,30,female,23.655,3,yes,northwest,28537.42238166622
177,18,male,28.31,1,no,northeast,2497.980015454934
178,19,female,20.6,0,no,southwest,-1489.607058537029
179,18,male,53.13,0,no,southeast,9485.66038952587
180,35,male,39.71,4,no,northeast,12035.458335006762
181,39,female,26.315,2,no,northwest,7330.395804561045
182,31,male,31.065,3,no,northwest,7263.937622319616
183,62,male,26.695,0,yes,northeast,36988.07577362502
184,62,male,38.83,0,no,southeast,16195.593377520949
185,42,female,40.37,2,yes,southeast,36371.3886949265
186,31,male,25.935,1,no,northwest,4680.786258698965
187,61,male,33.535,0,no,northeast,15003.771943111817
188,42,female,32.87,0,no,northeast,9831.035895342582
189,51,male,30.03,1,no,southeast,10840.028082437173
190,23,female,24.225,2,no,northeast,2880.526657048902
191,52,male,38.6,2,no,southwest,13974.66032030218
192,57,female,25.74,2,no,southeast,11414.99013058842
193,23,female,33.4,0,no,southwest,3810.6260724561107
194,52,female,44.7,3,no,southwest,16442.122218657354
195,50,male,30.97,3,no,northwest,12183.866449558696
196,18,female,31.92,0,no,northeast,3260.463000452086
197,18,female,36.85,0,no,southeast,4070.263612906323
198,21,female,25.8,0,no,southwest,761.3402113856191
199,61,female,29.07,0,yes,northwest,37102.4315547996
